Citizen Space,"425 2nd Street, #300",San Francisco,CA,94107,US,412.225.1051,contact@citizenagency.com,http://www.citizenspace.us,http://farm1.static.flickr.com/112/294760411_c7ab034ce8_o.jpg
Nutopia Workspace,116 West Houston Street,New York,NY,10012,US,212.400.0200,space@nutopia.us,http://116westhouston.com/,http://116westhouston.com/images/3rdfl1.jpg
Cube Space,622 SE Grand Ave,Portland,OR,97214,US,503.206.3500,info@cubespacepdx.com,http://www.cubespacepdx.com/,http://images.businessweek.com/ss/07/02/0227_coworking/image/cubespace--breakroom-presen.jpg
The Hive Cooperative,"2401 15th Street, Suite 30",Denver,CO,80202,US,,hivecoop@gmail.com,http://hivecoop.pbwiki.com/,http://hivecoop.pbwiki.com/f/lobbyandcafe2.JPG
Indoor Playground,364 Richmond St W,Toronto,ON,,Canada,416.907.3283,mark@creationstep.com,http://indoorplayground.ning.com/,http://api.ning.com/files/jfFNMguEnNKBxYx4jdDlzTi8*cz10-TbfNteQ2DAR6U=?width=480
The Change You Want to See,84 Havemeyer Street,Brooklyn,NY,11211,US,,brooklyn.coworking@gmail.com,http://www.notanalternative.net/,http://farm1.static.flickr.com/151/357924204_ae8b0a08fe_b.jpg
Hat Factory,801 Minnesota St at 20th St. #08,San Francisco,CA,94107,US,,,http://hatfactory.net/,http://farm1.static.flickr.com/199/441552005_72da903c3a_b.jpg
Workspace,400 – 21 Water St.,Vancouver,BC,V6B 1A1,Canada,604.637.2252,info@abetterplacetowork.com,http://abetterplacetowork.com/,http://farm1.static.flickr.com/153/404228629_19ce64b913_b.jpg